doc_id,domain,title,date_published,collection,tags,url
"1","bbc.co.uk","BBC News - China media: Aid to typhoon-hit Philippines","2013-11-21T06:59:19+00:00","haiyan","bbc","http://www.bbc.co.uk/news/world-asia-china-25013048"
"10","bbc.co.uk","BBC News - In pictures: Philippines reels after Typhoon Haiyan","2013-11-12T12:47:41+00:00","haiyan","bbc","http://www.bbc.co.uk/news/world-asia-24900341"
"100","bbc.co.uk","BBC News - The hub of UK humanitarian aid effort in the desert","2013-11-16T14:59:26+00:00","haiyan","bbc","http://www.bbc.co.uk/news/uk-24954605"
"101","bbc.co.uk","BBC News - Typhoon Haiyan: Tacloban survivors wait for aid","2013-11-16T15:50:33+00:00","haiyan","bbc","http://www.bbc.co.uk/news/world-asia-24960836"
"102","bbc.co.uk","BBC News - Mapping Typhoon Haiyan","2013-11-13T16:26:42+00:00","haiyan","bbc","http://www.bbc.co.uk/news/world-asia-24917722"
"103","bbc.co.uk","BBC News - Scrawling messages of survival from Tacloban","2013-11-12T15:23:32+00:00","haiyan","bbc","http://www.bbc.co.uk/news/world-asia-24897533"
"103","bbc.co.uk","BBC News - Scrawling messages of survival from Tacloban","2013-11-12T15:23:32+00:00","haiyan","bbc","http://www.bbc.co.uk/news/world-asia-24897533"
"104","bbc.co.uk","BBC News - RAF aid plane on way to Philippines in relief effort","2013-11-16T09:49:55+00:00","haiyan","bbc","http://www.bbc.co.uk/news/uk-24954604"
"105","bbc.co.uk","BBC News - In pictures: These precious things after Typhoon Haiyan","2013-12-07T16:13:02+00:00","haiyan","bbc","http://www.bbc.co.uk/news/in-pictures-25257917"
"105","bbc.co.uk","BBC News - In pictures: These precious things after Typhoon Haiyan","2013-12-07T16:13:02+00:00","haiyan","bbc","http://www.bbc.co.uk/news/in-pictures-25257917"
"106","bbc.co.uk","BBC News - Typhoon Haiyan: Challenges for aid agencies","2013-11-14T14:27:51+00:00","haiyan","bbc","http://www.bbc.co.uk/news/world-asia-24926722"
"107","bbc.co.uk","BBC News - Paul Walker: Hollywood hero and heartthrob","2013-12-02T13:23:03+00:00","haiyan","bbc","http://www.bbc.co.uk/news/entertainment-arts-25174093"
"108","bbc.co.uk","BBC News - Typhoon Haiyan: Aid in numbers","2013-11-13T11:53:25+00:00","haiyan","bbc","http://www.bbc.co.uk/news/world-asia-pacific-24899006"
"109","bbc.co.uk","BBC News - Typhoon Haiyan: Anxious wait for Welsh relatives","2013-11-14T13:41:52+00:00","haiyan","bbc","http://www.bbc.co.uk/news/uk-wales-north-east-wales-24908791"
"11","bbc.co.uk","BBC News - HMS Illustrious crew miss Christmas to deliver aid","2013-11-26T12:06:46+00:00","haiyan","bbc","http://www.bbc.co.uk/news/world-25085241"
"110","bbc.co.uk","BBC News - PM's Christmas message to troops in Afghanistan","2013-12-22T22:28:32+00:00","haiyan","bbc","http://www.bbc.co.uk/news/uk-25480224"
"111","bbc.co.uk","BBC News - Typhoon Haiyan aid: Co-ordination not duplication vital","2013-11-13T00:36:18+00:00","haiyan","bbc","http://www.bbc.co.uk/news/world-asia-24906915"
"112","bbc.co.uk","BBC News - Philippines thanks world for Typhoon Haiyan aid","2014-02-09T08:54:00+00:00","haiyan","bbc","http://www.bbc.co.uk/news/world-asia-26096479"
"113","bbc.co.uk","BBC News - Struggle for agreement at UN climate talks as green groups walk out","2013-11-22T19:46:52+00:00","haiyan","bbc","http://www.bbc.co.uk/news/science-environment-25044961"
"114","bbc.co.uk","BBC News - Typhoon Haiyan: China rebuked for 'stingy' aid","2013-11-16T23:37:51+00:00","haiyan","bbc","http://www.bbc.co.uk/news/blogs-echochambers-24951258"
"115","bbc.co.uk","BBC News - Typhoon Haiyan: The search for bodies","2013-11-24T01:36:48+00:00","haiyan","bbc","http://www.bbc.co.uk/news/world-asia-25051472"
"116","bbc.co.uk","BBC News - Philippines: Picking up the pieces after Typhoon Haiyan","2013-11-22T17:52:34+00:00","haiyan","bbc","http://www.bbc.co.uk/news/world-asia-24869698"
"117","bbc.co.uk","BBC News - Philippines typhoon: Imagination's Ashley Ingram records fundraiser in Northampton","2013-11-27T19:03:24+00:00","haiyan","bbc","http://www.bbc.co.uk/news/uk-england-northamptonshire-25104509"
"117","bbc.co.uk","BBC News - Philippines typhoon: Imagination's Ashley Ingram records fundraiser in Northampton","2013-11-27T19:03:24+00:00","haiyan","bbc","http://www.bbc.co.uk/news/uk-england-northamptonshire-25104509"
"118","bbc.co.uk","BBC News - UK aid agencies prepare Philippines relief","2013-11-12T19:43:52+00:00","haiyan","bbc","http://www.bbc.co.uk/news/uk-24903192"
"119","bbc.co.uk","BBC News - Typhoon Haiyan: Philippine family's search for medical care to save 'Dad'","2013-11-15T02:43:09+00:00","haiyan","bbc","http://www.bbc.co.uk/news/24922338"
"12","bbc.co.uk","Learning English -  Words in the News - Typhoon Haiyan: Destruction in the Philippines","2013-11-12T12:46:49+00:00","haiyan","bbc","http://www.bbc.co.uk/worldservice/learningenglish/language/wordsinthenews/2013/11/131111_witn_typhoon_story.shtml"
"120","bbc.co.uk","BBC News - Philippine press shocked by Typhoon Haiyan","2013-11-11T17:52:36+00:00","haiyan","bbc","http://www.bbc.co.uk/news/world-asia-24892324"
"121","bbc.co.uk","BBC News - Typhoon Haiyan: UN launches $301m Philippines aid appeal","2013-11-13T10:18:08+00:00","haiyan","bbc","http://www.bbc.co.uk/news/world-asia-24910918"
"122","bbc.co.uk","BBC News - Typhoon Haiyan: Manchester professor leads emergency medical team","2013-11-14T12:10:52+00:00","haiyan","bbc","http://www.bbc.co.uk/news/uk-england-manchester-24913974"
"123","bbc.co.uk","BBC News - Philippine typhoon: Aquino criticises local officials","2013-11-18T13:00:57+00:00","haiyan","bbc","http://www.bbc.co.uk/news/world-asia-24978926"
"124","bbc.co.uk","BBC News - Typhoon Haiyan survivors struggling to rebuild","2014-02-08T22:35:26+00:00","haiyan","bbc","http://www.bbc.co.uk/news/world-asia-26088854"
"125","bbc.co.uk","BBC News - HMS Illustrious returns to Portsmouth after aid mission","2014-01-11T08:38:19+00:00","haiyan","bbc","http://www.bbc.co.uk/news/uk-england-hampshire-25671116"
"126","bbc.co.uk","BBC News - Typhoon Haiyan: Scots raise more than £2m for appeal","2013-11-15T18:53:28+00:00","haiyan","bbc","http://www.bbc.co.uk/news/uk-scotland-24949702"
"127","bbc.co.uk","BBC News - Isle of Man pledges £100,000 to Philippines typhoon fund","2013-11-14T10:33:58+00:00","haiyan","bbc","http://www.bbc.co.uk/news/world-europe-isle-of-man-24924586"
"128","bbc.co.uk","BBC News - Guernsey pledges £50,000 to Philippines typhoon fund","2013-11-12T14:39:33+00:00","haiyan","bbc","http://www.bbc.co.uk/news/world-europe-guernsey-24901410"
"129","bbc.co.uk","BBC News - Philippines typhoon: Several Britons 'unaccounted for'","2013-11-17T15:13:33+00:00","haiyan","bbc","http://www.bbc.co.uk/news/uk-24973328"
"13","bbc.co.uk","BBC News - School students play part in Philippines typhoon recovery","2014-02-12T21:54:59+00:00","haiyan","bbc","http://www.bbc.co.uk/news/education-26135103"
"130","bbc.co.uk","BBC News - Typhoon Haiyan: Tour a street devastated by the storm","2013-12-20T15:28:08+00:00","haiyan","bbc","http://www.bbc.co.uk/news/world-asia-25400193"
"131","bbc.co.uk","BBC News - Typhoon Haiyan: The fears of UK Filipinos searching for loved ones","2013-11-13T09:50:53+00:00","haiyan","bbc","http://www.bbc.co.uk/news/uk-england-24895825"
"132","bbc.co.uk","BBC News - Typhoon Haiyan: UK disaster appeal raises over £73m","2013-12-08T00:11:15+00:00","haiyan","bbc","http://www.bbc.co.uk/news/uk-25273818"
"133","bbc.co.uk","BBC News - Philippines: Solar fridges for disaster area from Machynlleth","2013-11-23T19:47:33+00:00","haiyan","bbc","http://www.bbc.co.uk/news/uk-wales-mid-wales-25059102"
"134","bbc.co.uk","BBC News - China media: New security body","2013-11-15T06:45:41+00:00","haiyan","bbc","http://www.bbc.co.uk/news/world-asia-china-24936763"
"135","bbc.co.uk","BBC News - In pictures: Philippines struggle for survival","2013-11-13T08:12:44+00:00","haiyan","bbc","http://www.bbc.co.uk/news/world-asia-24908731"
"136","bbc.co.uk","BBC News - Chat apps and the future of news","2014-01-31T14:23:34+00:00","haiyan","bbc","http://www.bbc.co.uk/news/blogs-the-editors-25961589"
"137","bbc.co.uk","BBC News - Last-minute deal saves fractious UN climate talks","2013-11-24T13:30:49+00:00","haiyan","bbc","http://www.bbc.co.uk/news/science-environment-25067180"
"138","bbc.co.uk","BBC News - Typhoon Haiyan: UK charity appeal raises £50m","2013-11-21T12:04:43+00:00","haiyan","bbc","http://www.bbc.co.uk/news/uk-25018054"
"138","bbc.co.uk","BBC News - Typhoon Haiyan: UK charity appeal raises £50m","2013-11-21T12:04:43+00:00","haiyan","bbc","http://www.bbc.co.uk/news/uk-25018054"
"139","bbc.co.uk","BBC News - Typhoon Haiyan: Hundreds feared dead in Philippines","2013-11-10T02:39:26+00:00","haiyan","bbc","http://www.bbc.co.uk/news/world-asia-24878801"
"14","bbc.co.uk","BBC News - Typhoon Haiyan","2013-11-12T12:48:05+00:00","haiyan","bbc","http://www.bbc.co.uk/news/world-24901032"
"140","bbc.co.uk","BBC News - Health challenge faces typhoon-hit Philippines","2013-11-13T13:40:35+00:00","haiyan","bbc","http://www.bbc.co.uk/news/health-24909776"
"141","bbc.co.uk","BBC News - Typhoon Haiyan: UK commits aid for 500,000 in Philippines","2013-11-11T04:00:16+00:00","haiyan","bbc","http://www.bbc.co.uk/news/uk-24886806"
"142","bbc.co.uk","BBC News - In pictures: Philippines counts cost of Typhoon Haiyan","2013-11-10T07:33:35+00:00","haiyan","bbc","http://www.bbc.co.uk/news/world-asia-24879004"
"144","bbc.co.uk","BBC News - Oxfam concerned about Exeter man's Parabottle aid idea","2013-11-17T13:53:16+00:00","haiyan","bbc","http://www.bbc.co.uk/news/uk-england-devon-24970691"
"145","bbc.co.uk","BBC News - UK newspaper review: New jail threat for NHS staff","2013-11-16T23:15:23+00:00","haiyan","bbc","http://www.bbc.co.uk/news/blogs-the-papers-24966454"
"145","bbc.co.uk","BBC News - UK newspaper review: New jail threat for NHS staff","2013-11-16T23:15:23+00:00","haiyan","bbc","http://www.bbc.co.uk/news/blogs-the-papers-24966454"
"146","bbc.co.uk","BBC News - Q&A: Disaster management and aid after Typhoon Haiyan","2013-11-14T16:03:09+00:00","haiyan","bbc","http://www.bbc.co.uk/news/world-asia-24927349"
"147","bbc.co.uk","BBC News - Philippine Typhoon Haiyan survivors 'desperate' for aid","2013-11-14T06:32:07+00:00","haiyan","bbc","http://www.bbc.co.uk/news/world-asia-24922492"
"148","bbc.co.uk","BBC News - Typhoon Haiyan: UK sending six aid planes","2013-11-25T00:37:43+00:00","haiyan","bbc","http://www.bbc.co.uk/news/uk-25068596"
"149","bbc.co.uk","BBC News - UK storms: Living with contaminated flood water","2014-02-15T09:26:30+00:00","haiyan","bbc","http://www.bbc.co.uk/news/uk-26169373"
"15","bbc.co.uk","BBC News - Philippine boxer Manny Pacquiao's accounts frozen","2013-11-27T17:54:21+00:00","haiyan","bbc","http://www.bbc.co.uk/news/world-asia-25111226"
"150","bbc.co.uk","BBC News - Typhoon Haiyan: Ships head to Philippines amid devastation","2013-11-13T03:51:17+00:00","haiyan","bbc","http://www.bbc.co.uk/news/world-asia-24895620"
"152","bbc.co.uk","BBC News - Philippines typhoon: UK doctors speak from storm-hit country","2013-11-18T18:46:55+00:00","haiyan","bbc","http://www.bbc.co.uk/news/world-asia-24980472"
"16","bbc.co.uk","BBC News - Severe Tropical Storm Haiyan makes landfall in Vietnam","2013-11-11T15:42:34+00:00","haiyan","bbc","http://www.bbc.co.uk/news/world-asia-24890114"
"16","bbc.co.uk","BBC News - Severe Tropical Storm Haiyan makes landfall in Vietnam","2013-11-11T15:42:34+00:00","haiyan","bbc","http://www.bbc.co.uk/news/world-asia-24890114"
"17","bbc.co.uk","BBC News - Typhoon Haiyan: British Filipinos hold events for victims","2013-11-14T15:21:10+00:00","haiyan","bbc","http://www.bbc.co.uk/news/uk-24929251"
"18","bbc.co.uk","BBC News - Monster typhoon Haiyan roars across Philippines","2013-11-08T06:11:46+00:00","haiyan","bbc","http://www.bbc.co.uk/news/world-asia-24846813"
"19","bbc.co.uk","BBC News - In pictures: Waiting for aid","2013-11-14T07:33:27+00:00","haiyan","bbc","http://www.bbc.co.uk/news/world-asia-24922331"
"2","bbc.co.uk","BBC News - British man 'missing' after Philippines typhoon","2013-11-17T04:00:40+00:00","haiyan","bbc","http://www.bbc.co.uk/news/uk-24969785"
"20","bbc.co.uk","BBC News - UK newspaper review: Focus on plight of typhoon children","2013-11-13T23:24:56+00:00","haiyan","bbc","http://www.bbc.co.uk/news/uk-24920925"
"21","bbc.co.uk","BBC News - British carrier HMS Illustrious to aid typhoon victims","2013-11-15T10:49:34+00:00","haiyan","bbc","http://www.bbc.co.uk/news/uk-24940632"
"22","bbc.co.uk","BBC News - Typhoon Haiyan: Islands are 'a mess', aid worker says","2013-11-22T01:08:39+00:00","haiyan","bbc","http://www.bbc.co.uk/news/uk-england-birmingham-25020646"
"23","bbc.co.uk","BBC News - Typhoon Haiyan aid flight going from East Midlands Airport","2013-11-18T12:25:30+00:00","haiyan","bbc","http://www.bbc.co.uk/news/uk-england-24978563"
"24","bbc.co.uk","BBC News - Guernsey's Bailiff launches Philippines typhoon appeal","2013-11-13T10:35:24+00:00","haiyan","bbc","http://www.bbc.co.uk/news/world-europe-guernsey-24909638"
"25","bbc.co.uk","BBC News - HMS Daring arrives in Philippines to aid Typhoon Haiyan victims","2013-11-18T09:19:54+00:00","haiyan","bbc","http://www.bbc.co.uk/news/uk-24977304"
"26","bbc.co.uk","BBC News - Stars give songs for Philippines","2013-11-27T11:28:23+00:00","haiyan","bbc","http://www.bbc.co.uk/news/entertainment-arts-25102418"
"27","bbc.co.uk","BBC News - In pictures: Typhoon Haiyan aid stepped up","2013-11-17T18:29:32+00:00","haiyan","bbc","http://www.bbc.co.uk/news/in-pictures-24975094"
"28","bbc.co.uk","BBC News - Philippines: 'early recovery' begins","2013-12-07T13:17:40+00:00","haiyan","bbc","http://www.bbc.co.uk/news/health-25257139"
"28","bbc.co.uk","BBC News - Philippines: 'early recovery' begins","2013-12-07T13:17:40+00:00","haiyan","bbc","http://www.bbc.co.uk/news/health-25257139"
"29","bbc.co.uk","BBC News - Typhoon Haiyan: Images from Panay Island","2013-11-26T10:23:14+00:00","haiyan","bbc","http://www.bbc.co.uk/news/world-asia-25056976"
"3","bbc.co.uk","BBC News - Typhoon Haiyan: Thousands feared dead in Philippines","2013-11-11T01:31:48+00:00","haiyan","bbc","http://www.bbc.co.uk/news/world-asia-24887337"
"30","bbc.co.uk","BBC News - Typhoon Haiyan: Charity helps heal emotional scars","2013-11-23T06:35:31+00:00","haiyan","bbc","http://www.bbc.co.uk/news/world-asia-25047459"
"31","bbc.co.uk","BBC News - Typhoon Haiyan: UK's Philippines appeal raises £13m","2013-11-14T12:04:10+00:00","haiyan","bbc","http://www.bbc.co.uk/news/uk-24928593"
"32","bbc.co.uk","BBC News - Filipino chef loses 10 family members to Typhoon Haiyan","2013-11-13T11:19:05+00:00","haiyan","bbc","http://www.bbc.co.uk/news/world-europe-24909930"
"33","bbc.co.uk","BBC News - Philippine typhoon: Trying to help after Haiyan","2013-11-13T15:17:52+00:00","haiyan","bbc","http://www.bbc.co.uk/news/world-asia-24913321"
"34","bbc.co.uk","BBC News - Philippines typhoon: President lowers death toll estimate","2013-11-13T18:48:17+00:00","haiyan","bbc","http://www.bbc.co.uk/news/world-asia-24920250"
"35","bbc.co.uk","BBC News - Typhoon Haiyan: Philippines death toll up as aid arrives","2013-11-16T10:26:12+00:00","haiyan","bbc","http://www.bbc.co.uk/news/world-asia-24954011"
"36","bbc.co.uk","BBC News - Super Typhoon Haiyan: Satellite images","2013-11-09T15:11:10+00:00","haiyan","bbc","http://www.bbc.co.uk/news/world-24866265"
"36","bbc.co.uk","BBC News - Super Typhoon Haiyan: Satellite images","2013-11-09T15:11:10+00:00","haiyan","bbc","http://www.bbc.co.uk/news/world-24866265"
"37","bbc.co.uk","BBC News - Scottish independence: East Kilbride aid jobs said to be 'at risk'","2013-11-13T17:26:47+00:00","haiyan","bbc","http://www.bbc.co.uk/news/uk-scotland-scotland-politics-24915453"
"38","bbc.co.uk","BBC News - Typhoon Haiyan: Philippines destruction 'absolute bedlam'","2013-11-12T02:47:04+00:00","haiyan","bbc","http://www.bbc.co.uk/news/world-asia-24894529"
"39","bbc.co.uk","BBC News - Philippines typhoon: Aid effort gathers pace","2013-11-17T16:53:14+00:00","haiyan","bbc","http://www.bbc.co.uk/news/world-asia-24972707"
"4","bbc.co.uk","BBC News - Waiting for aid in battered Guiuan","2013-11-16T09:22:11+00:00","haiyan","bbc","http://www.bbc.co.uk/news/world-asia-24953720"
"40","bbc.co.uk","BBC News - Typhoon Haiyan: China sends relief team to Philippines","2013-11-21T09:26:08+00:00","haiyan","bbc","http://www.bbc.co.uk/news/world-asia-china-24997186"
"41","bbc.co.uk","BBC News - In pictures: Typhoon aid ramps up","2013-11-15T10:01:30+00:00","haiyan","bbc","http://www.bbc.co.uk/news/world-asia-24936814"
"41","bbc.co.uk","BBC News - In pictures: Typhoon aid ramps up","2013-11-15T10:01:30+00:00","haiyan","bbc","http://www.bbc.co.uk/news/world-asia-24936814"
"42","bbc.co.uk","BBC News - China's Philippine aid controversy","2013-11-15T09:54:26+00:00","haiyan","bbc","http://www.bbc.co.uk/news/world-asia-24938874"
"43","bbc.co.uk","BBC News - Typhoon Haiyan: UK planes take aid to Philippines","2013-11-19T04:28:28+00:00","haiyan","bbc","http://www.bbc.co.uk/news/uk-24982656"
"44","bbc.co.uk","BBC News - China media: Typhoon Haiyan","2013-11-13T06:25:58+00:00","haiyan","bbc","http://www.bbc.co.uk/news/world-asia-china-24907909"
"45","bbc.co.uk","BBC News - Typhoon Haiyan: Philippines battles to bring storm aid","2013-11-11T12:25:33+00:00","haiyan","bbc","http://www.bbc.co.uk/news/world-asia-24887746"
"46","bbc.co.uk","BBC News - Typhoon Haiyan: Plight of survivors 'bleak' despite aid effort","2013-11-16T01:49:03+00:00","haiyan","bbc","http://www.bbc.co.uk/news/world-asia-24950905"
"47","bbc.co.uk","BBC News - Philippine typhoon: Asian press emphasise solidarity","2013-11-14T08:57:07+00:00","haiyan","bbc","http://www.bbc.co.uk/news/world-asia-24923115"
"48","bbc.co.uk","BBC News - UK to send ship to help Philippines, David Cameron announces","2013-11-12T20:55:44+00:00","haiyan","bbc","http://www.bbc.co.uk/news/uk-politics-24906526"
"49","bbc.co.uk","BBC News - UK paper review: Tuesday's front pages","2013-11-12T23:25:26+00:00","haiyan","bbc","http://www.bbc.co.uk/news/uk-24906536"
"5","bbc.co.uk","BBC News - Typhoon Haiyan hits Philippines fourth quarter growth","2014-01-31T11:54:29+00:00","haiyan","bbc","http://www.bbc.co.uk/news/business-25958014"
"50","bbc.co.uk","BBC News - The 12 cyber-scams of Christmas","2013-12-12T00:46:38+00:00","haiyan","bbc","http://www.bbc.co.uk/news/technology-25200338"
"51","bbc.co.uk","BBC News - China media: One-child policy","2013-11-19T05:50:41+00:00","haiyan","bbc","http://www.bbc.co.uk/news/world-asia-china-24983007"
"52","bbc.co.uk","BBC News - Typhoon Haiyan: TV appeal for Philippines donations","2013-11-13T01:38:44+00:00","haiyan","bbc","http://www.bbc.co.uk/news/uk-24901486"
"53","bbc.co.uk","BBC News - Typhoon Haiyan commentary as seen by regional media","2013-11-13T21:08:11+00:00","haiyan","bbc","http://www.bbc.co.uk/news/blogs-echochambers-24916637"
"54","bbc.co.uk","BBC News - Mass immunisation programme begins in the Philippines","2013-11-26T14:59:13+00:00","haiyan","bbc","http://www.bbc.co.uk/news/health-25092026"
"55","bbc.co.uk","BBC News - Typhoon Haiyan in Philippines: Orkney commander describes helicopter aid","2013-12-05T11:30:46+00:00","haiyan","bbc","http://www.bbc.co.uk/news/uk-scotland-north-east-orkney-shetland-25214231"
"56","bbc.co.uk","BBC News - Typhoon Haiyan: US carrier boosts Philippines relief effort","2013-11-15T02:49:05+00:00","haiyan","bbc","http://www.bbc.co.uk/news/world-asia-24936387"
"57","bbc.co.uk","BBC News - Isle of Man Typhoon Haiyan collection raises thousands","2013-11-24T09:17:15+00:00","haiyan","bbc","http://www.bbc.co.uk/news/world-europe-isle-of-man-25058872"
"58","bbc.co.uk","BBC News - Scotland can still take climate change lead says minister","2013-11-19T10:29:58+00:00","haiyan","bbc","http://www.bbc.co.uk/news/uk-scotland-24985675"
"58","bbc.co.uk","BBC News - Scotland can still take climate change lead says minister","2013-11-19T10:29:58+00:00","haiyan","bbc","http://www.bbc.co.uk/news/uk-scotland-24985675"
"59","bbc.co.uk","BBC News - Typhoon Haiyan: Beckhams clothes sale prompts queues","2013-11-22T13:20:45+00:00","haiyan","bbc","http://www.bbc.co.uk/news/uk-25037495"
"6","bbc.co.uk","BBC - Newsbeat - Typhoon Haiyan survivors: Please don't forget us","2013-11-30T05:54:31+00:00","haiyan","bbc","http://www.bbc.co.uk/newsbeat/25143181"
"60","bbc.co.uk","BBC News - Typhoon Haiyan: Survivors' stories in the Philippines","2013-11-12T10:29:56+00:00","haiyan","bbc","http://www.bbc.co.uk/news/world-asia-24896060"
"61","bbc.co.uk","BBC News - Optimism as Tacloban faces rebuilding challenge","2013-12-09T03:52:47+00:00","haiyan","bbc","http://www.bbc.co.uk/news/world-asia-25288126"
"62","bbc.co.uk","BBC News - Trauma of Northern Ireland's Filipino community","2013-11-13T20:20:54+00:00","haiyan","bbc","http://www.bbc.co.uk/news/uk-northern-ireland-24918031"
"63","bbc.co.uk","BBC News - Typhoon Haiyan death toll rises over 5,000","2013-11-23T11:10:08+00:00","haiyan","bbc","http://www.bbc.co.uk/news/world-asia-25051606"
"64","bbc.co.uk","BBC News - Philippines typhoon survivors attend church services","2013-11-18T06:10:46+00:00","haiyan","bbc","http://www.bbc.co.uk/news/world-asia-24977113"
"65","bbc.co.uk","BBC News - Guernsey charity pair named in New Year Honours list","2013-12-31T00:34:57+00:00","haiyan","bbc","http://www.bbc.co.uk/news/world-europe-guernsey-25527146"
"66","bbc.co.uk","BBC News - Philippines: Rush to get Tacloban hospital online","2013-11-14T13:43:10+00:00","haiyan","bbc","http://www.bbc.co.uk/news/technology-24925936"
"67","bbc.co.uk","BBC News - Your pictures: Devastation of Typhoon Haiyan","2013-11-12T05:52:42+00:00","haiyan","bbc","http://www.bbc.co.uk/news/in-pictures-24890661"
"68","bbc.co.uk","BBC News - Typhoon Haiyan: BBC reports from the Philippines","2013-11-13T06:37:33+00:00","haiyan","bbc","http://www.bbc.co.uk/news/world-asia-24906181"
"69","bbc.co.uk","BBC News - Typhoon Haiyan: Philippines defends aid response","2013-11-14T13:17:17+00:00","haiyan","bbc","http://www.bbc.co.uk/news/world-asia-24928138"
"7","bbc.co.uk","BBC News - In pictures: Tacloban in ruins","2013-11-11T08:34:42+00:00","haiyan","bbc","http://www.bbc.co.uk/news/world-asia-24887718"
"70","bbc.co.uk","BBC News - Typhoon Haiyan: Tim Willcox answers your questions","2013-11-16T12:26:53+00:00","haiyan","bbc","http://www.bbc.co.uk/news/world-asia-24953077"
"70","bbc.co.uk","BBC News - Typhoon Haiyan: Tim Willcox answers your questions","2013-11-16T12:26:53+00:00","haiyan","bbc","http://www.bbc.co.uk/news/world-asia-24953077"
"71","bbc.co.uk","BBC News - UK newspaper review: Bank chief drug sting on front page","2013-11-17T23:12:50+00:00","haiyan","bbc","http://www.bbc.co.uk/news/blogs-the-papers-24976130"
"72","bbc.co.uk","BBC News - Aid agencies say typhoon shows need for action on climate change","2013-11-18T00:04:11+00:00","haiyan","bbc","http://www.bbc.co.uk/news/science-environment-24975106"
"73","bbc.co.uk","BBC News - Typhoon could cut Philippines growth by 1% next year","2013-11-15T01:42:50+00:00","haiyan","bbc","http://www.bbc.co.uk/news/business-24936249"
"74","bbc.co.uk","BBC - Newsbeat - Typhoon Haiyan: Impact felt in the Philippines","2013-11-12T15:16:24+00:00","haiyan","bbc","http://www.bbc.co.uk/newsbeat/24900586"
"75","bbc.co.uk","BBC News - Tacloban: City at the centre of the storm","2013-11-11T16:07:33+00:00","haiyan","bbc","http://www.bbc.co.uk/news/world-asia-24891456"
"76","bbc.co.uk","BBC News - Karl Pilkington Philippines show shelved by Sky","2013-11-14T17:00:06+00:00","haiyan","bbc","http://www.bbc.co.uk/news/entertainment-arts-24924889"
"77","bbc.co.uk","BBC News - Typhoon Haiyan: Before and after the storm","2013-11-12T12:57:56+00:00","haiyan","bbc","http://www.bbc.co.uk/news/world-24899001"
"78","bbc.co.uk","BBC News - In pictures: Typhoon Haiyan","2013-11-09T04:07:12+00:00","haiyan","bbc","http://www.bbc.co.uk/news/world-asia-24862789"
"79","bbc.co.uk","BBC News - Typhoon Haiyan: Searching for families and supplies","2013-11-12T15:07:16+00:00","haiyan","bbc","http://www.bbc.co.uk/news/world-asia-24897086"
"8","bbc.co.uk","BBC News - Typhoon prompts 'fast' by Philippines climate delegate","2013-11-12T13:35:16+00:00","haiyan","bbc","http://www.bbc.co.uk/news/science-environment-24899647"
"80","bbc.co.uk","BBC News - Typhoon Haiyan: US missionary delivers aid","2013-11-12T10:14:40+00:00","haiyan","bbc","http://www.bbc.co.uk/news/world-asia-24897085"
"81","bbc.co.uk","BBC News - Typhoon Haiyan: Scottish people urged to support DEC appeal","2013-11-13T13:38:24+00:00","haiyan","bbc","http://www.bbc.co.uk/news/uk-scotland-24911800"
"81","bbc.co.uk","BBC News - Typhoon Haiyan: Scottish people urged to support DEC appeal","2013-11-13T13:38:24+00:00","haiyan","bbc","http://www.bbc.co.uk/news/uk-scotland-24911800"
"82","bbc.co.uk","BBC News - Typhoon Haiyan: I should be by my wife's side","2013-11-13T14:53:11+00:00","haiyan","bbc","http://www.bbc.co.uk/news/uk-24909141"
"83","bbc.co.uk","BBC News - Typhoon Haiyan: Philippines declares state of calamity","2013-11-12T14:33:37+00:00","haiyan","bbc","http://www.bbc.co.uk/news/world-asia-24901993"
"84","bbc.co.uk","BBC News - Typhoon Haiyan: UK aid work under way in Philippines","2013-11-14T03:50:42+00:00","haiyan","bbc","http://www.bbc.co.uk/news/uk-24922083"
"85","bbc.co.uk","BBC News - Newspaper Review: Philippines typhoon devastation","2013-11-12T05:35:05+00:00","haiyan","bbc","http://www.bbc.co.uk/news/uk-24894787"
"86","bbc.co.uk","BBC News - 2013 'one of warmest' on record","2013-11-14T11:37:32+00:00","haiyan","bbc","http://www.bbc.co.uk/news/science-environment-24925580"
"87","bbc.co.uk","BBC News - China media: Typhoon aid","2013-11-16T06:23:28+00:00","haiyan","bbc","http://www.bbc.co.uk/news/world-asia-china-24952419"
"88","bbc.co.uk","BBC News - Typhoon Haiyan: Guernsey appeal raises £93k","2014-02-29T13:21:03+00:00","haiyan","bbc","http://www.bbc.co.uk/news/world-europe-guernsey-26357666"
"88","bbc.co.uk","BBC News - Typhoon Haiyan: Guernsey appeal raises £93k","2014-02-29T13:21:03+00:00","haiyan","bbc","http://www.bbc.co.uk/news/world-europe-guernsey-26357666"
"89","bbc.co.uk","BBC News - Ferocious winds drove Tacloban surge","2013-11-12T15:53:50+00:00","haiyan","bbc","http://www.bbc.co.uk/news/science-environment-24903698"
"9","bbc.co.uk","BBC News - Typhoon Haiyan: Fight for life in Tacloban intensifies","2013-11-12T17:28:34+00:00","haiyan","bbc","http://www.bbc.co.uk/news/world-asia-24903950"
"90","bbc.co.uk","BBC News - Typhoon wreaks havoc on agriculture with over a million farmers affected","2013-11-13T12:28:57+00:00","haiyan","bbc","http://www.bbc.co.uk/news/science-environment-24913139"
"90","bbc.co.uk","BBC News - Typhoon wreaks havoc on agriculture with over a million farmers affected","2013-11-13T12:28:57+00:00","haiyan","bbc","http://www.bbc.co.uk/news/science-environment-24913139"
"91","bbc.co.uk","BBC News - Jersey people urged to donate to Philippines fund","2013-11-13T14:47:40+00:00","haiyan","bbc","http://www.bbc.co.uk/news/world-europe-jersey-24913875"
"92","bbc.co.uk","BBC News - Philippines typhoon: UK commits extra £30m in aid","2013-11-17T05:10:01+00:00","haiyan","bbc","http://www.bbc.co.uk/news/uk-24970066"
"93","bbc.co.uk","BBC News - Typhoon Haiyan: Your questions to Tim Willcox","2013-11-15T18:04:32+00:00","haiyan","bbc","http://www.bbc.co.uk/news/world-asia-24947468"
"93","bbc.co.uk","BBC News - Typhoon Haiyan: Your questions to Tim Willcox","2013-11-15T18:04:32+00:00","haiyan","bbc","http://www.bbc.co.uk/news/world-asia-24947468"
"94","bbc.co.uk","BBC News - Typhoon Haiyan: Stars at BT Tower for telethon","2013-11-19T20:44:37+00:00","haiyan","bbc","http://www.bbc.co.uk/news/uk-24992621"
"95","bbc.co.uk","BBC News - UK-built cameras heading for space station","2013-11-21T10:00:16+00:00","haiyan","bbc","http://www.bbc.co.uk/news/science-environment-25005726"
"96","bbc.co.uk","BBC News - Meeting Taiwan's new-age Buddhists","2014-01-30T21:54:08+00:00","haiyan","bbc","http://www.bbc.co.uk/news/world-asia-25772194"
"97","bbc.co.uk","BBC News - What in the world: A Christie-bridge theory and human trafficking about more than sex","2014-01-11T16:31:44+00:00","haiyan","bbc","http://www.bbc.co.uk/news/blogs-echochambers-25688494"
"98","bbc.co.uk","BBC News - In pictures: A week in Tacloban","2013-11-21T02:01:25+00:00","haiyan","bbc","http://www.bbc.co.uk/news/world-asia-24983447"
"99","bbc.co.uk","BBC News - Typhoon Haiyan: Irish government to provide 1m euros aid for Philippines","2013-11-12T09:40:38+00:00","haiyan","bbc","http://www.bbc.co.uk/news/world-europe-24896194"
